entity,description,id,red_herring,query,missing_words
Legg–Calvé–Perthes disease,,,False,The disease Legg–Calvé–Perthes disease was first identified by ,['Karel Maydl']
Wiskott-Aldrich syndrome,,,False,The disease Wiskott-Aldrich syndrome was first identified by ,['Alfred Wiskott']
Gordon-Holmes syndrome,,,False,The disease Gordon-Holmes syndrome was first identified by ,['Gordon Morgan Holmes']
erythromelalgia,,,False,The disease erythromelalgia was first identified by ,['Silas Weir Mitchell']
chronic congestive splenomegaly,,,False,The disease chronic congestive splenomegaly was first identified by ,['Guido Banti']
microphthalmia with limb anomalies,,,False,The disease microphthalmia with limb anomalies was first identified by ,['Petrus Johannes Waardenburg']
Huntington's disease,,,False,The disease Huntington's disease was first identified by ,['George Huntington']
phlebotomus fever,,,False,The disease phlebotomus fever was first identified by ,['Alois Pick']
Madelung's deformity,,,False,The disease Madelung's deformity was first identified by ,['Otto Wilhelm Madelung']
Unverricht-Lundborg syndrome,,,False,The disease Unverricht-Lundborg syndrome was first identified by ,['Herman Bernhard Lundborg']
DiGeorge syndrome,,,False,The disease DiGeorge syndrome was first identified by ,['Angelo DiGeorge']
zoochosis,,,False,The disease zoochosis was first identified by ,['Bill Travers']
Gitelman syndrome,,,False,The disease Gitelman syndrome was first identified by ,['Hillel Jonathan Gitelman']
Kabuki syndrome,,,False,The disease Kabuki syndrome was first identified by ,['Norio Niikawa']
Lemierre's syndrome,,,False,The disease Lemierre's syndrome was first identified by ,['André Lemierre']
Rett syndrome,,,False,The disease Rett syndrome was first identified by ,['Andreas Rett']
Paris syndrome,,,False,The disease Paris syndrome was first identified by ,['Hiroaki Ota']
Mobius syndrome,,,False,The disease Mobius syndrome was first identified by ,['Paul Julius Möbius']
multiple sclerosis,,,False,The disease multiple sclerosis was first identified by ,['Jean-Martin Charcot']
hereditary spastic paraplegia 23,,,False,The disease hereditary spastic paraplegia 23 was first identified by ,['Adnan Abdallat']
Wartenberg's Syndrome,,,False,The disease Wartenberg's Syndrome was first identified by ,['Robert Wartenberg']
thrombotic thrombocytopenic purpura,,,False,The disease thrombotic thrombocytopenic purpura was first identified by ,['Eli Moschcowitz']
3-methylglutaconic aciduria type 3,,,False,The disease 3-methylglutaconic aciduria type 3 was first identified by ,['Hanan Costeff']
amentia,,,False,The disease amentia was first identified by ,['Theodor Meynert']
Tay-Sachs disease,,,False,The disease Tay-Sachs disease was first identified by ,['Bernard Sachs']
Farber lipogranulomatosis,,,False,The disease Farber lipogranulomatosis was first identified by ,['Sidney Farber']
Kaposi's sarcoma,,,False,The disease Kaposi's sarcoma was first identified by ,['Mór Kaposi']
Sjögren's syndrome,,,False,The disease Sjögren's syndrome was first identified by ,['Henrik Sjögren']
Tumoral calcinosis,,,False,The disease Tumoral calcinosis was first identified by ,['Otto Teutschländer']
Lasthenie de Ferjol syndrome,,,False,The disease Lasthenie de Ferjol syndrome was first identified by ,['Jean Bernard']
malaria,,,False,The disease malaria was first identified by ,['Ronald Ross']
granular corneal dystrophy type I,,,False,The disease granular corneal dystrophy type I was first identified by ,['Arthur Groenouw']
opsoclonus myoclonus syndrome,,,False,The disease opsoclonus myoclonus syndrome was first identified by ,['Marcel Kinsbourne']
Robinow syndrome,,,False,The disease Robinow syndrome was first identified by ,['Meinhard Robinow']
Angelman syndrome,,,False,The disease Angelman syndrome was first identified by ,['Harry Angelman']
hh blood group,,,False,The disease hh blood group was first identified by ,['Mujibur Rahman']
spinocerebellar ataxia type 28,,,False,The disease spinocerebellar ataxia type 28 is caused by a mutation in the gene named ,['AFG3L2']
urofacial syndrome,,,False,The disease urofacial syndrome is caused by a mutation in the gene named ,['LRIG2']
17-beta-hydroxysteroid dehydrogenase deficiency,,,False,The disease 17-beta-hydroxysteroid dehydrogenase deficiency is caused by a mutation in the gene named ,['HSD17B3']
Native American myopathy,,,False,The disease Native American myopathy is caused by a mutation in the gene named ,['STAC3']
brittle cornea syndrome,,,False,The disease brittle cornea syndrome is caused by a mutation in the gene named ,['PRDM5']
multiple sclerosis,,,False,The disease multiple sclerosis is caused by a mutation in the gene named ,['RELN']
Smith–Fineman–Myers syndrome,,,False,The disease Smith–Fineman–Myers syndrome is caused by a mutation in the gene named ,['ATRX']
congenital disorder of glycosylation Ir,,,False,The disease congenital disorder of glycosylation Ir is caused by a mutation in the gene named ,['DDOST']
Omenn syndrome,,,False,The disease Omenn syndrome is caused by a mutation in the gene named ,['RAG1']
Cerebral autosomal recessive arteriopathy with subcortical infarcts and leukoencephalopathy,,,False,The disease Cerebral autosomal recessive arteriopathy with subcortical infarcts and leukoencephalopathy is caused by a mutation in the gene named ,['HTRA1']
reticular dysgenesis,,,False,The disease reticular dysgenesis is caused by a mutation in the gene named ,['AK2']
Wiedemann-Steiner syndrome,,,False,The disease Wiedemann-Steiner syndrome is caused by a mutation in the gene named ,['KMT2A']
Robinow syndrome,,,False,The disease Robinow syndrome is caused by a mutation in the gene named ,['ROR2']
autism,,,False,The disease autism is caused by a mutation in the gene named ,['LMX1B']
common variable immunodeficiency,,,False,The disease common variable immunodeficiency is caused by a mutation in the gene named ,['CR2']
hidradenitis suppurativa,,,False,The disease hidradenitis suppurativa is caused by a mutation in the gene named ,['NCSTN']
parathyroid carcinoma,,,False,The disease parathyroid carcinoma is caused by a mutation in the gene named ,['CDC73']
NGLY1-deficiency,,,False,The disease NGLY1-deficiency is caused by a mutation in the gene named ,['NGLY1']
du Pan syndrome,,,False,The disease du Pan syndrome is caused by a mutation in the gene named ,['GDF5']
Baraitser-Winter syndrome,,,False,The disease Baraitser-Winter syndrome is caused by a mutation in the gene named ,['ACTB']
familial Mediterranean fever,,,False,The disease familial Mediterranean fever is caused by a mutation in the gene named ,['MEFV']
congenital secretory chloride diarrhea 1,,,False,The disease congenital secretory chloride diarrhea 1 is caused by a mutation in the gene named ,['SLC26A3']
Huntington's disease,,,False,The disease Huntington's disease is caused by a mutation in the gene named ,['HTT']
Barth syndrome,,,False,The disease Barth syndrome is caused by a mutation in the gene named ,['TAFAZZIN']
eosinophilic esophagitis,,,False,The disease eosinophilic esophagitis is caused by a mutation in the gene named ,['DSG1']
platelet-type bleeding disorder 15,,,False,The disease platelet-type bleeding disorder 15 is caused by a mutation in the gene named ,['ACTN1']
"blepharophimosis-intellectual disability syndrome, Ohdo type",,,False,"The disease blepharophimosis-intellectual disability syndrome, Ohdo type is caused by a mutation in the gene named ",['MED12']
ethylmalonic encephalopathy,,,False,The disease ethylmalonic encephalopathy is caused by a mutation in the gene named ,['ETHE1']
erythromelalgia,,,False,The disease erythromelalgia is caused by a mutation in the gene named ,['SCN9A']
3-methylglutaconic aciduria type 3,,,False,The disease 3-methylglutaconic aciduria type 3 is caused by a mutation in the gene named ,['OPA3']
autoimmune lymphoproliferative syndrome,,,False,The disease autoimmune lymphoproliferative syndrome is caused by a mutation in the gene named ,['FASLG']
tyrosinemia type II,,,False,The disease tyrosinemia type II is caused by a mutation in the gene named ,['TAT']
Hajdu-Cheney syndrome,,,False,The disease Hajdu-Cheney syndrome is caused by a mutation in the gene named ,['NOTCH2']
long QT syndrome,,,False,The disease long QT syndrome is caused by a mutation in the gene named ,['KCNQ1']
atrial fibrillation,,,False,The disease atrial fibrillation is caused by a mutation in the gene named ,['KCNH2']
Antley-Bixler syndrome,,,False,The disease Antley-Bixler syndrome is caused by a mutation in the gene named ,['POR']
familial hemiplegic migraine,,,False,The disease familial hemiplegic migraine is caused by a mutation in the gene named ,['ATP1A2']
hereditary elliptocytosis,,,False,The disease hereditary elliptocytosis is caused by a mutation in the gene named ,['EPB41']
arterial calcification of infancy,,,False,The disease arterial calcification of infancy is caused by a mutation in the gene named ,['ABCC6']
chondrocalcinosis,,,False,The disease chondrocalcinosis is caused by a mutation in the gene named ,['ANKH']
Crohn's disease,,,False,The disease Crohn's disease is caused by a mutation in the gene named ,['ATG16L1']
branchioskeletogenital syndrome,,,False,The disease branchioskeletogenital syndrome is caused by a mutation in the gene named ,['CDH11']
inclusion body myositis,,,False,The disease inclusion body myositis is caused by a mutation in the gene named ,['MYH2']
congenital disorder of glycosylation Ih,,,False,The disease congenital disorder of glycosylation Ih is caused by a mutation in the gene named ,['ALG8']
Kabuki syndrome,,,False,The disease Kabuki syndrome is caused by a mutation in the gene named ,['KDM6A']
sea-blue histiocyte syndrome,,,False,The disease sea-blue histiocyte syndrome is caused by a mutation in the gene named ,['APOE']
gestational trophoblastic neoplasm,,,False,The disease gestational trophoblastic neoplasm is caused by a mutation in the gene named ,['NLRP7']
Alagille syndrome,,,False,The disease Alagille syndrome is caused by a mutation in the gene named ,['NOTCH2']
platelet-type bleeding disorder 8,,,False,The disease platelet-type bleeding disorder 8 is caused by a mutation in the gene named ,['P2RY12']
sarcoidosis,,,False,The disease sarcoidosis is caused by a mutation in the gene named ,['BTNL2']
Marfan syndrome,,,False,The disease Marfan syndrome is caused by a mutation in the gene named ,['FBN1']
Duchenne muscular dystrophy,,,False,The disease Duchenne muscular dystrophy is caused by a mutation in the gene named ,['DMD']
hypoplastic tibiae-postaxial polydactyly syndrome,,,False,The disease hypoplastic tibiae-postaxial polydactyly syndrome is caused by a mutation in the gene named ,['LMBR1']
Netherton syndrome,,,False,The disease Netherton syndrome is caused by a mutation in the gene named ,['SPINK5']
bulimia nervosa,,,False,The disease bulimia nervosa is caused by a mutation in the gene named ,['DAB1']
catecholaminergic polymorphic ventricular tachycardia 5,,,False,The disease catecholaminergic polymorphic ventricular tachycardia 5 is caused by a mutation in the gene named ,['TRDN']
infantile cerebellar-retinal degeneration,,,False,The disease infantile cerebellar-retinal degeneration is caused by a mutation in the gene named ,['ACO2']
Madelung's deformity,,,False,The disease Madelung's deformity is caused by a mutation in the gene named ,['SHOX']
multiple intestinal atresia,,,False,The disease multiple intestinal atresia is caused by a mutation in the gene named ,['TTC7A']
nephrotic syndrome,,,False,The disease nephrotic syndrome is caused by a mutation in the gene named ,['GPC5']
hemophilia C,,,False,The disease hemophilia C is caused by a mutation in the gene named ,['F11']
osteoarthritis,,,False,The disease osteoarthritis is caused by a mutation in the gene named ,['FTO']
microcytic anemia,,,False,The disease microcytic anemia is caused by a mutation in the gene named ,['TMPRSS6']
microcephaly,,,False,The disease microcephaly is caused by a mutation in the gene named ,['ASPM']
ovarian hyperstimulation syndrome,,,False,The disease ovarian hyperstimulation syndrome is caused by a mutation in the gene named ,['FSHR']
muscular disease,,,False,The disease muscular disease is caused by a mutation in the gene named ,['MYH7']
Temtamy preaxial brachydactyly syndrome,,,False,The disease Temtamy preaxial brachydactyly syndrome is caused by a mutation in the gene named ,['CHSY1']
interstitial lung disease,,,False,The disease interstitial lung disease is caused by a mutation in the gene named ,['MAPT']
Unverricht-Lundborg syndrome,,,False,The disease Unverricht-Lundborg syndrome is caused by a mutation in the gene named ,['CSTB']
Lafora disease,,,False,The disease Lafora disease is caused by a mutation in the gene named ,['EPM2A']
Tourette syndrome,,,False,The disease Tourette syndrome is caused by a mutation in the gene named ,['PHEX']
Caffey disease,,,False,The disease Caffey disease is caused by a mutation in the gene named ,['COL1A1']
primary hypertrophic osteoarthropathy,,,False,The disease primary hypertrophic osteoarthropathy is caused by a mutation in the gene named ,['HPGD']
achromatopsia,,,False,The disease achromatopsia is caused by a mutation in the gene named ,['CNGA3']
Oguchi disease-1,,,False,The disease Oguchi disease-1 is caused by a mutation in the gene named ,['SAG']
alpha-2-plasmin inhibitor deficiency,,,False,The disease alpha-2-plasmin inhibitor deficiency is caused by a mutation in the gene named ,['SERPINF2']
hepatitis C,,,False,The disease hepatitis C is caused by a mutation in the gene named ,['ITPA']
myotonia congenita,,,False,The disease myotonia congenita is caused by a mutation in the gene named ,['CLCN1']
Becker muscular dystrophy,,,False,The disease Becker muscular dystrophy is caused by a mutation in the gene named ,['DMD']
catecholaminergic polymorphic ventricular tachycardia 2,,,False,The disease catecholaminergic polymorphic ventricular tachycardia 2 is caused by a mutation in the gene named ,['CASQ2']
Andersen-Tawil syndrome,,,False,The disease Andersen-Tawil syndrome is caused by a mutation in the gene named ,['KCNJ2']
Farber lipogranulomatosis,,,False,The disease Farber lipogranulomatosis is caused by a mutation in the gene named ,['ASAH1']
Charcot–Marie–Tooth disease,,,False,The disease Charcot–Marie–Tooth disease is caused by a mutation in the gene named ,['MPZ']
primary cutaneous amyloidosis,,,False,The disease primary cutaneous amyloidosis is caused by a mutation in the gene named ,['OSMR']
Cantú syndrome,,,False,The disease Cantú syndrome is caused by a mutation in the gene named ,['KCNJ8']
postural orthostatic tachycardia syndrome,,,False,The disease postural orthostatic tachycardia syndrome is caused by a mutation in the gene named ,['SLC6A2']
platelet-type bleeding disorder 10,,,False,The disease platelet-type bleeding disorder 10 is caused by a mutation in the gene named ,['CD36']
Opitz-GBBB syndrome,,,False,The disease Opitz-GBBB syndrome is caused by a mutation in the gene named ,['MID1']
platelet-type bleeding disorder 11,,,False,The disease platelet-type bleeding disorder 11 is caused by a mutation in the gene named ,['GP6']
"spondyloepimetaphyseal dysplasia, Strudwick type",,,False,"The disease spondyloepimetaphyseal dysplasia, Strudwick type is caused by a mutation in the gene named ",['COL2A1']
thrombotic thrombocytopenic purpura,,,False,The disease thrombotic thrombocytopenic purpura is caused by a mutation in the gene named ,['ADAMTS13']
parietal foramina,,,False,The disease parietal foramina is caused by a mutation in the gene named ,['MSX2']
Rett syndrome,,,False,The disease Rett syndrome is caused by a mutation in the gene named ,['CDKL5']
attention deficit hyperactivity disorder,,,False,The disease attention deficit hyperactivity disorder is caused by a mutation in the gene named ,['ARSB']
neurilemmomatosis,,,False,The disease neurilemmomatosis is caused by a mutation in the gene named ,['NF2']
metachromatic leukodystrophy,,,False,The disease metachromatic leukodystrophy is caused by a mutation in the gene named ,['ARSA']
Wilson disease,,,False,The disease Wilson disease is caused by a mutation in the gene named ,['ATP7B']
acrodermatitis enteropathica,,,False,The disease acrodermatitis enteropathica is caused by a mutation in the gene named ,['SLC39A4']
hyperkalemic periodic paralysis,,,False,The disease hyperkalemic periodic paralysis is caused by a mutation in the gene named ,['SCN4A']
trimethylaminuria,,,False,The disease trimethylaminuria is caused by a mutation in the gene named ,['FMO3']
hereditary spastic paraplegia 23,,,False,The disease hereditary spastic paraplegia 23 is caused by a mutation in the gene named ,['DSTYK']
congenital diarrhea 7 with exudative enteropathy,,,False,The disease congenital diarrhea 7 with exudative enteropathy is caused by a mutation in the gene named ,['DGAT1']
Saldino-Noonan syndrome,,,False,The disease Saldino-Noonan syndrome is caused by a mutation in the gene named ,['DYNC2H1']
Faroe SUCLA2 related disease,,,False,The disease Faroe SUCLA2 related disease is caused by a mutation in the gene named ,['succinyl-CoA']
hepatitis B,,,False,The disease hepatitis B is caused by a mutation in the gene named ,['GRIN2A']
cardiofaciocutaneous syndrome,,,False,The disease cardiofaciocutaneous syndrome is caused by a mutation in the gene named ,['BRAF']
systemic scleroderma,,,False,The disease systemic scleroderma is caused by a mutation in the gene named ,['HLA-DRA']
phaeochromocytoma,,,False,The disease phaeochromocytoma is caused by a mutation in the gene named ,['SDHD']
hypokalemic periodic paralysis,,,False,The disease hypokalemic periodic paralysis is caused by a mutation in the gene named ,['SCN4A']
Bart-Pumphrey syndrome,,,False,The disease Bart-Pumphrey syndrome is caused by a mutation in the gene named ,['GJB2']
congenital erythropoietic porphyria,,,False,The disease congenital erythropoietic porphyria is caused by a mutation in the gene named ,['UROS']
"alacrima, achalasia, and mental retardation syndrome",,,False,"The disease alacrima, achalasia, and mental retardation syndrome is caused by a mutation in the gene named ",['GMPPA']
Mungan syndrome,,,False,The disease Mungan syndrome is caused by a mutation in the gene named ,['RAD21']
ulnar-mammary syndrome,,,False,The disease ulnar-mammary syndrome is caused by a mutation in the gene named ,['TBX3']
Gerstmann-Straussler-Scheinker syndrome,,,False,The disease Gerstmann-Straussler-Scheinker syndrome is caused by a mutation in the gene named ,['PRNP']
familial atrial fibrillation,,,False,The disease familial atrial fibrillation is caused by a mutation in the gene named ,['NPPA']
Cornelia de Lange syndrome,,,False,The disease Cornelia de Lange syndrome is caused by a mutation in the gene named ,['NIPBL']
spastic quadriplegia,,,False,The disease spastic quadriplegia is caused by a mutation in the gene named ,['ADD3']
temporal lobe epilepsy,,,False,The disease temporal lobe epilepsy is caused by a mutation in the gene named ,['RELN']
N-Acetylglutamate synthase deficiency,,,False,The disease N-Acetylglutamate synthase deficiency is caused by a mutation in the gene named ,['NAGS']
Knobloch syndrome,,,False,The disease Knobloch syndrome is caused by a mutation in the gene named ,['COL18A1']
mitral valve prolapse,,,False,The disease mitral valve prolapse is caused by a mutation in the gene named ,['DCHS1']
polycystic liver disease,,,False,The disease polycystic liver disease is caused by a mutation in the gene named ,['PRKCSH']
congenital secretory sodium diarrhea 3,,,False,The disease congenital secretory sodium diarrhea 3 is caused by a mutation in the gene named ,['SPINT2']
Fabry disease,,,False,The disease Fabry disease is caused by a mutation in the gene named ,['GLA']
uterine fibroid,,,False,The disease uterine fibroid is caused by a mutation in the gene named ,['TNRC6B']
Guillain–Barré syndrome,,,False,The disease Guillain–Barré syndrome is caused by a mutation in the gene named ,['PMP22']
MORM syndrome,,,False,The disease MORM syndrome is caused by a mutation in the gene named ,['INPP5E']
catecholaminergic polymorphic ventricular tachycardia 4,,,False,The disease catecholaminergic polymorphic ventricular tachycardia 4 is caused by a mutation in the gene named ,['CALM1']
immune dysregulation-polyendocrinopathy-enteropathy-X-linked syndrome,,,False,The disease immune dysregulation-polyendocrinopathy-enteropathy-X-linked syndrome is caused by a mutation in the gene named ,['FOXP3']
autosomal dominant osteopetrosis 2,,,False,The disease autosomal dominant osteopetrosis 2 is caused by a mutation in the gene named ,['CLCN7']
X-linked cleft palate with or without ankyloglossia,,,False,The disease X-linked cleft palate with or without ankyloglossia is caused by a mutation in the gene named ,['TBX22']
atrioventricular septal defect,,,False,The disease atrioventricular septal defect is caused by a mutation in the gene named ,['GATA4']
leprosy,,,False,The disease leprosy is caused by a mutation in the gene named ,['RIPK2']
ventricular septal defect,,,False,The disease ventricular septal defect is caused by a mutation in the gene named ,['GATA4']
tricho-hepato-enteric syndrome,,,False,The disease tricho-hepato-enteric syndrome is caused by a mutation in the gene named ,['SKIV2L']
nasopharynx carcinoma,,,False,The disease nasopharynx carcinoma is caused by a mutation in the gene named ,['ITGA9']
Klippel-Feil syndrome,,,False,The disease Klippel-Feil syndrome is caused by a mutation in the gene named ,['GDF3']
maple syrup urine disease,,,False,The disease maple syrup urine disease is caused by a mutation in the gene named ,['DLD']
"myopathy, lactic acidosis, and sideroblastic anemia",,,False,"The disease myopathy, lactic acidosis, and sideroblastic anemia is caused by a mutation in the gene named ",['YARS2']
short QT syndrome,,,False,The disease short QT syndrome is caused by a mutation in the gene named ,['KCNQ1']
hereditary stomatocytosis,,,False,The disease hereditary stomatocytosis is caused by a mutation in the gene named ,['RHAG']
tuberculosis,,,False,The disease tuberculosis is caused by a mutation in the gene named ,['DSCAM']
catecholaminergic polymorphic ventricular tachycardia,,,False,The disease catecholaminergic polymorphic ventricular tachycardia is caused by a mutation in the gene named ,['RYR2']
Behçet's disease,,,False,The disease Behçet's disease is caused by a mutation in the gene named ,['IL10']
Wolcott-Rallison syndrome,,,False,The disease Wolcott-Rallison syndrome is caused by a mutation in the gene named ,['EIF2AK3']
distal muscular dystrophy with anterior tibial onset,,,False,The disease distal muscular dystrophy with anterior tibial onset is caused by a mutation in the gene named ,['DYSF']
trichorhinophalangeal syndrome type II,,,False,The disease trichorhinophalangeal syndrome type II is caused by a mutation in the gene named ,['TRPS1']
lung cancer,,,False,The disease lung cancer is caused by a mutation in the gene named ,['GPC5']
CADASIL,,,False,The disease CADASIL is caused by a mutation in the gene named ,['NOTCH3']
persistent fetal vasculature,,,False,The disease persistent fetal vasculature is caused by a mutation in the gene named ,['ATOH7']
encephalopathy due to prosaposin deficiency,,,False,The disease encephalopathy due to prosaposin deficiency is caused by a mutation in the gene named ,['PSAP']
glucocorticoid deficiency 2,,,False,The disease glucocorticoid deficiency 2 is caused by a mutation in the gene named ,['MRAP']
diabetes insipidus,,,False,The disease diabetes insipidus is caused by a mutation in the gene named ,['AVP']
stroke,,,False,The disease stroke is caused by a mutation in the gene named ,['ADAMTS2']
neuroacanthocytosis,,,False,The disease neuroacanthocytosis is caused by a mutation in the gene named ,['VPS13A']
combined malonic and methylmalonic acidemia,,,False,The disease combined malonic and methylmalonic acidemia is caused by a mutation in the gene named ,['malonyl-CoA decarboxylase']
Emery-Dreifuss muscular dystrophy,,,False,The disease Emery-Dreifuss muscular dystrophy is caused by a mutation in the gene named ,['EMD']
3-methylcrotonyl-CoA carboxylase deficiency,,,False,The disease 3-methylcrotonyl-CoA carboxylase deficiency is caused by a mutation in the gene named ,['MCCC1']
STING-associated vasculopathy with onset in infancy,,,False,The disease STING-associated vasculopathy with onset in infancy is caused by a mutation in the gene named ,['STING1']
cardiac arrest,,,False,The disease cardiac arrest is caused by a mutation in the gene named ,['AKAP10']
hypoprothrombinemia,,,False,The disease hypoprothrombinemia is caused by a mutation in the gene named ,['F2']
granular corneal dystrophy type I,,,False,The disease granular corneal dystrophy type I is caused by a mutation in the gene named ,['TGFBI']
cystic fibrosis,,,False,The disease cystic fibrosis is caused by a mutation in the gene named ,['CFTR']
Quebec platelet disorder,,,False,The disease Quebec platelet disorder is caused by a mutation in the gene named ,['PLAU']
type 2 diabetes,,,False,The disease type 2 diabetes is caused by a mutation in the gene named ,['ACHE']
Southeast Asian ovalocytosis,,,False,The disease Southeast Asian ovalocytosis is caused by a mutation in the gene named ,['SLC4A1']
microphthalmia with limb anomalies,,,False,The disease microphthalmia with limb anomalies is caused by a mutation in the gene named ,['SMOC1']
aortic valve stenosis,,,False,The disease aortic valve stenosis is caused by a mutation in the gene named ,['SMAD6']
smallpox,,,False,The disease smallpox is caused by a mutation in the gene named ,['DYNC1I1']
schizophrenia,,,False,The disease schizophrenia is caused by a mutation in the gene named ,['RELN']
"autosomal dominant cerebellar ataxia, deafness and narcolepsy",,,False,"The disease autosomal dominant cerebellar ataxia, deafness and narcolepsy is caused by a mutation in the gene named ",['DNMT1']
myostatin-related muscle hypertrophy,,,False,The disease myostatin-related muscle hypertrophy is caused by a mutation in the gene named ,['MSTN']
multiple epiphyseal dysplasia,,,False,The disease multiple epiphyseal dysplasia is caused by a mutation in the gene named ,['COL9A1']
Tay-Sachs disease,,,False,The disease Tay-Sachs disease is caused by a mutation in the gene named ,['HEXA']
atrial heart septal defect,,,False,The disease atrial heart septal defect is caused by a mutation in the gene named ,['GATA4']
ataxia telangiectasia,,,False,The disease ataxia telangiectasia is caused by a mutation in the gene named ,['ATM']
chronic granulomatous disease,,,False,The disease chronic granulomatous disease is caused by a mutation in the gene named ,['CYBB']
Legg–Calvé–Perthes disease,,,False,The disease Legg–Calvé–Perthes disease is caused by a mutation in the gene named ,['COL2A1']
congenital diarrhea 6,,,False,The disease congenital diarrhea 6 is caused by a mutation in the gene named ,['GUCY2C']
hereditary multiple exostoses,,,False,The disease hereditary multiple exostoses is caused by a mutation in the gene named ,['EXT1']
Lesch-Nyhan syndrome,,,False,The disease Lesch-Nyhan syndrome is caused by a mutation in the gene named ,['HPRT1']
exudative vitreoretinopathy,,,False,The disease exudative vitreoretinopathy is caused by a mutation in the gene named ,['LRP5']
frontotemporal dementia,,,False,The disease frontotemporal dementia is caused by a mutation in the gene named ,['CHMP2B']
Gitelman syndrome,,,False,The disease Gitelman syndrome is caused by a mutation in the gene named ,['SLC12A3']
congenital disorder of glycosylation type IIc,,,False,The disease congenital disorder of glycosylation type IIc is caused by a mutation in the gene named ,['SLC35C1']
hh blood group,,,False,The disease hh blood group is caused by a mutation in the gene named ,['FUT1']
Gordon-Holmes syndrome,,,False,The disease Gordon-Holmes syndrome is caused by a mutation in the gene named ,['RNF216']
pancreatitis,,,False,The disease pancreatitis is caused by a mutation in the gene named ,['CFTR']
encephalocraniocutaneous lipomatosis,,,False,The disease encephalocraniocutaneous lipomatosis is caused by a mutation in the gene named ,['FGFR1']
enlarged vestibular aqueduct,,,False,The disease enlarged vestibular aqueduct is caused by a mutation in the gene named ,['SLC26A4']
infantile parkinsonism-dystonia,,,False,The disease infantile parkinsonism-dystonia is caused by a mutation in the gene named ,['SLC6A3']
Carey Fineman Ziter syndrome,,,False,The disease Carey Fineman Ziter syndrome is caused by a mutation in the gene named ,['MYMK']
platelet-type bleeding disorder 14,,,False,The disease platelet-type bleeding disorder 14 is caused by a mutation in the gene named ,['TBXAS1']
Neu-Laxova syndrome 2,,,False,The disease Neu-Laxova syndrome 2 is caused by a mutation in the gene named ,['PSAT1']
poikiloderma with neutropenia,,,False,The disease poikiloderma with neutropenia is caused by a mutation in the gene named ,['USB1']
anthrax,,,False,The disease anthrax is caused by a mutation in the gene named ,['ASTN2']
multiple pterygium syndrome,,,False,The disease multiple pterygium syndrome is caused by a mutation in the gene named ,['CHRNA1']
Creutzfeldt-Jakob disease,,,False,The disease Creutzfeldt-Jakob disease is caused by a mutation in the gene named ,['PRNP']
rheumatoid arthritis,,,False,The disease rheumatoid arthritis is caused by a mutation in the gene named ,['ANXA3']
Saethre-Chotzen syndrome,,,False,The disease Saethre-Chotzen syndrome is caused by a mutation in the gene named ,['TWIST1']
Timothy syndrome,,,False,The disease Timothy syndrome is caused by a mutation in the gene named ,['CACNA1C']
oculopharyngeal muscular dystrophy,,,False,The disease oculopharyngeal muscular dystrophy is caused by a mutation in the gene named ,['PABPN1']
DiGeorge syndrome,,,False,The disease DiGeorge syndrome is caused by a mutation in the gene named ,['TBX1']
aromatic L-amino acid decarboxylase deficiency,,,False,The disease aromatic L-amino acid decarboxylase deficiency is caused by a mutation in the gene named ,['DDC']
MonoMAC,,,False,The disease MonoMAC is caused by a mutation in the gene named ,['GATA2']
MPI-CDG,,,False,The disease MPI-CDG is caused by a mutation in the gene named ,['MPI']
5-alpha-reductase deficiency,,,False,The disease 5-alpha-reductase deficiency is caused by a mutation in the gene named ,['SRD5A2']
Van der Woude syndrome,,,False,The disease Van der Woude syndrome is caused by a mutation in the gene named ,['IRF6']
osteochondritis tulaseca,,,False,The disease osteochondritis tulaseca is caused by a mutation in the gene named ,['ACAN']
Leigh disease,,,False,The disease Leigh disease is caused by a mutation in the gene named ,['SDHA']
Alström syndrome,,,False,The disease Alström syndrome is caused by a mutation in the gene named ,['ALMS1']
congenital disorder of glycosylation Iy,,,False,The disease congenital disorder of glycosylation Iy is caused by a mutation in the gene named ,['SSR4']
galactosemia,,,False,The disease galactosemia is caused by a mutation in the gene named ,['GALT']
"Ehlers-Danlos syndrome, vascular-like type",,,False,"The disease Ehlers-Danlos syndrome, vascular-like type is caused by a mutation in the gene named ",['COL3A1']
Parkinson's disease,,,False,The disease Parkinson's disease is caused by a mutation in the gene named ,['DSG3']
Ichthyosis follicularis with alopecia and photophobia syndrome,,,False,The disease Ichthyosis follicularis with alopecia and photophobia syndrome is caused by a mutation in the gene named ,['MBTPS2']
TAR syndrome,,,False,The disease TAR syndrome is caused by a mutation in the gene named ,['RBM8A']
popliteal pterygium syndrome,,,False,The disease popliteal pterygium syndrome is caused by a mutation in the gene named ,['IRF6']
Young-Simpson syndrome,,,False,The disease Young-Simpson syndrome is caused by a mutation in the gene named ,['KAT6B']
Cole-Carpenter syndrome,,,False,The disease Cole-Carpenter syndrome is caused by a mutation in the gene named ,['P4HB']
AIDS,,,False,The disease AIDS is caused by a mutation in the gene named ,['RXRG']
carpal tunnel syndrome,,,False,The disease carpal tunnel syndrome is caused by a mutation in the gene named ,['TTR']
trichotillomania,,,False,The disease trichotillomania is caused by a mutation in the gene named ,['SLITRK1']
hereditary spastic paraplegia,,,False,The disease hereditary spastic paraplegia is caused by a mutation in the gene named ,['L1CAM']
Angelman syndrome,,,False,The disease Angelman syndrome is caused by a mutation in the gene named ,['UBE3A']
mitochondrial DNA depletion syndrome 1,,,False,The disease mitochondrial DNA depletion syndrome 1 is caused by a mutation in the gene named ,['TYMP']
Renpenning syndrome,,,False,The disease Renpenning syndrome is caused by a mutation in the gene named ,['PQBP1']
Wiskott-Aldrich syndrome,,,False,The disease Wiskott-Aldrich syndrome is caused by a mutation in the gene named ,['WAS']
platelet-type bleeding disorder 18,,,False,The disease platelet-type bleeding disorder 18 is caused by a mutation in the gene named ,['RASGRP2']
3MC syndrome,,,False,The disease 3MC syndrome is caused by a mutation in the gene named ,['COLEC11']
hypophosphatemic nephrolithiasis/osteoporosis 2,,,False,The disease hypophosphatemic nephrolithiasis/osteoporosis 2 is caused by a mutation in the gene named ,['SLC9A3R1']
Cataract-microcornea syndrome,,,False,The disease Cataract-microcornea syndrome is caused by a mutation in the gene named ,['CRYGD']
ablepharon macrostomia syndrome,,,False,The disease ablepharon macrostomia syndrome is caused by a mutation in the gene named ,['TWIST2']
nephrogenic diabetes insipidus,,,False,The disease nephrogenic diabetes insipidus is caused by a mutation in the gene named ,['AVP']
myotonic dystrophy,,,False,The disease myotonic dystrophy is caused by a mutation in the gene named ,['DMPK']
hypophosphatemic nephrolithiasis/osteoporosis 1,,,False,The disease hypophosphatemic nephrolithiasis/osteoporosis 1 is caused by a mutation in the gene named ,['SLC34A1']
Neu-Laxova syndrome 1,,,False,The disease Neu-Laxova syndrome 1 is caused by a mutation in the gene named ,['PHGDH']
rapadilino syndrome,,,False,The disease rapadilino syndrome is caused by a mutation in the gene named ,['RECQL4']
central diabetes insipidus,,,False,The disease central diabetes insipidus is caused by a mutation in the gene named ,['AVP']
pneumothorax,,,False,The disease pneumothorax is caused by a mutation in the gene named ,['FLCN']
X-linked intellectual disability-cardiomegaly-congestive heart failure syndrome,,,False,The disease X-linked intellectual disability-cardiomegaly-congestive heart failure syndrome is caused by a mutation in the gene named ,['CLIC2']
malaria,,,False,The disease malaria is caused by a mutation in the gene named ,['ABO']
Tumoral calcinosis,,,False,The disease Tumoral calcinosis is caused by a mutation in the gene named ,['KL']
congenital disorder of glycosylation Ip,,,False,The disease congenital disorder of glycosylation Ip is caused by a mutation in the gene named ,['ALG11']
advanced sleep phase syndrome,,,False,The disease advanced sleep phase syndrome is caused by a mutation in the gene named ,['PER2']
malignant hyperthermia,,,False,The disease malignant hyperthermia is caused by a mutation in the gene named ,['RYR1']
GRACILE syndrome,,,False,The disease GRACILE syndrome is caused by a mutation in the gene named ,['BCS1L']
hypertrophic cardiomyopathy,,,False,The disease hypertrophic cardiomyopathy is caused by a mutation in the gene named ,['ESRRG']
osteitis fibrosa cystica,,,False,The disease osteitis fibrosa cystica is caused by a mutation in the gene named ,['GNAS']
gray platelet syndrome,,,False,The disease gray platelet syndrome is caused by a mutation in the gene named ,['NBEAL2']
type-1 diabetes,,,False,The disease type-1 diabetes is caused by a mutation in the gene named ,['PTPN22']
dermatomyositis,,,False,The disease dermatomyositis  is located (anatomically) in the ,['muscle tissue']
hemorrhagic fever with renal syndrome,,,False,The disease hemorrhagic fever with renal syndrome  is located (anatomically) in the ,['kidney']
parietal foramina,,,False,The disease parietal foramina  is located (anatomically) in the ,['Parietal foramen']
superior canal dehiscence,,,False,The disease superior canal dehiscence  is located (anatomically) in the ,['inner ear']
syngamosis,,,False,The disease syngamosis  is located (anatomically) in the ,['larynx']
tularemia,,,False,The disease tularemia  is located (anatomically) in the ,['skin']
enlarged vestibular aqueduct,,,False,The disease enlarged vestibular aqueduct  is located (anatomically) in the ,['vestibular aqueduct']
gonorrhea,,,False,The disease gonorrhea  is located (anatomically) in the ,['eye']
atrial heart septal defect,,,False,The disease atrial heart septal defect  is located (anatomically) in the ,['interatrial septum']
viral pneumonia,,,False,The disease viral pneumonia  is located (anatomically) in the ,['human lung']
nasopharynx carcinoma,,,False,The disease nasopharynx carcinoma  is located (anatomically) in the ,['nasopharynx']
visceral leishmaniasis,,,False,The disease visceral leishmaniasis  is located (anatomically) in the ,['liver']
anthrax,,,False,The disease anthrax  is located (anatomically) in the ,['skin']
temporal lobe epilepsy,,,False,The disease temporal lobe epilepsy  is located (anatomically) in the ,['Temporal Lobe']
heterophyiasis,,,False,The disease heterophyiasis  is located (anatomically) in the ,['brain']
appendicitis,,,False,The disease appendicitis  is located (anatomically) in the ,['appendix']
hantavirus pulmonary syndrome,,,False,The disease hantavirus pulmonary syndrome  is located (anatomically) in the ,['blood vessel']
rheumatoid arthritis,,,False,The disease rheumatoid arthritis  is located (anatomically) in the ,['joint']
splenic tuberculosis,,,False,The disease splenic tuberculosis  is located (anatomically) in the ,['spleen']
herpes zoster,,,False,The disease herpes zoster  is located (anatomically) in the ,['nervous system']
clonorchiasis,,,False,The disease clonorchiasis  is located (anatomically) in the ,['liver']
coarctation of the aorta,,,False,The disease coarctation of the aorta  is located (anatomically) in the ,['aorta']
dicrocoeliasis,,,False,The disease dicrocoeliasis  is located (anatomically) in the ,['gallbladder']
muscular disease,,,False,The disease muscular disease  is located (anatomically) in the ,['muscle tissue']
Rocio virus encephalitis,,,False,The disease Rocio virus encephalitis  is located (anatomically) in the ,['meninges']
purulent meningitis,,,False,The disease purulent meningitis  is located (anatomically) in the ,['meninges']
gas gangrene,,,False,The disease gas gangrene  is located (anatomically) in the ,['muscle tissue']
St. Louis encephalitis,,,False,The disease St. Louis encephalitis  is located (anatomically) in the ,['spinal cord']
brittle cornea syndrome,,,False,The disease brittle cornea syndrome  is located (anatomically) in the ,['cornea']
pancreatitis,,,False,The disease pancreatitis  is located (anatomically) in the ,['pancreas']
May–Thurner syndrome,,,False,The disease May–Thurner syndrome  is located (anatomically) in the ,['common iliac vein']
smallpox,,,False,The disease smallpox  is located (anatomically) in the ,['zone of skin']
Pogosta disease,,,False,The disease Pogosta disease  is located (anatomically) in the ,['skin']
Goodpasture syndrome,,,False,The disease Goodpasture syndrome  is located (anatomically) in the ,['kidney']
Guillain–Barré syndrome,,,False,The disease Guillain–Barré syndrome  is located (anatomically) in the ,['peripheral nervous system']
acute hemorrhagic conjunctivitis,,,False,The disease acute hemorrhagic conjunctivitis  is located (anatomically) in the ,['conjunctiva']
gestational trophoblastic neoplasm,,,False,The disease gestational trophoblastic neoplasm  is located (anatomically) in the ,['endometrium']
HAM,,,False,The disease HAM  is located (anatomically) in the ,['spinal cord']
cat-scratch disease,,,False,The disease cat-scratch disease  is located (anatomically) in the ,['lymph node']
hepatic tuberculosis,,,False,The disease hepatic tuberculosis  is located (anatomically) in the ,['liver']
Klippel-Feil syndrome,,,False,The disease Klippel-Feil syndrome  is located (anatomically) in the ,['human vertebral column']
atrioventricular septal defect,,,False,The disease atrioventricular septal defect  is located (anatomically) in the ,['atrioventricular septum']
Kyasanur forest disease,,,False,The disease Kyasanur forest disease  is located (anatomically) in the ,['lung']
knee bursitis,,,False,The disease knee bursitis  is located (anatomically) in the ,['knee']
Venezuelan equine encephalitis,,,False,The disease Venezuelan equine encephalitis  is located (anatomically) in the ,['spinal cord']
Coenurosis,,,False,The disease Coenurosis  is located (anatomically) in the ,['brain']
Semliki Forest fever,,,False,The disease Semliki Forest fever  is located (anatomically) in the ,['central nervous system']
Nanophyetiasis,,,False,The disease Nanophyetiasis  is located (anatomically) in the ,['intestine']
paragonimiasis,,,False,The disease paragonimiasis  is located (anatomically) in the ,['brain']
arterial calcification of infancy,,,False,The disease arterial calcification of infancy  is located (anatomically) in the ,['artery']
arthritis,,,False,The disease arthritis  is located (anatomically) in the ,['joint']
scrub typhus,,,False,The disease scrub typhus  is located (anatomically) in the ,['skin']
invasive aspergillosis,,,False,The disease invasive aspergillosis  is located (anatomically) in the ,['human lung']
pericardial tuberculosis,,,False,The disease pericardial tuberculosis  is located (anatomically) in the ,['pericardium']
cutaneous leishmaniasis,,,False,The disease cutaneous leishmaniasis  is located (anatomically) in the ,['zone of skin']
echinococcosis,,,False,The disease echinococcosis  is located (anatomically) in the ,['brain']
chronic granulomatous disease,,,False,The disease chronic granulomatous disease  is located (anatomically) in the ,['bone']
Ross River fever,,,False,The disease Ross River fever  is located (anatomically) in the ,['joint']
fasciolosis,,,False,The disease fasciolosis  is located (anatomically) in the ,['bile duct']
Barmah Forest virus disease,,,False,The disease Barmah Forest virus disease  is located (anatomically) in the ,['muscle']
tyrosinemia type II,,,False,The disease tyrosinemia type II  is located (anatomically) in the ,['liver']
Western equine encephalitis,,,False,The disease Western equine encephalitis  is located (anatomically) in the ,['brain']
hepatitis C,,,False,The disease hepatitis C  is located (anatomically) in the ,['liver']
leptospirosis,,,False,The disease leptospirosis  is located (anatomically) in the ,['heart']
lung cancer,,,False,The disease lung cancer  is located (anatomically) in the ,['human lung']
distal muscular dystrophy with anterior tibial onset,,,False,The disease distal muscular dystrophy with anterior tibial onset  is located (anatomically) in the ,['tibialis anterior muscle']
mitral valve prolapse,,,False,The disease mitral valve prolapse  is located (anatomically) in the ,['mitral valve']
3-methylcrotonyl-CoA carboxylase deficiency,,,False,The disease 3-methylcrotonyl-CoA carboxylase deficiency  is located (anatomically) in the ,['muscle tissue']
louse-borne relapsing fever,,,False,The disease louse-borne relapsing fever  is located (anatomically) in the ,['heart']
esophageal tuberculosis,,,False,The disease esophageal tuberculosis  is located (anatomically) in the ,['esophagus']
scrofula,,,False,The disease scrofula  is located (anatomically) in the ,['lymph node']
vulvovaginal candidiasis,,,False,The disease vulvovaginal candidiasis  is located (anatomically) in the ,['vagina']
colon cancer,,,False,The disease colon cancer  is located (anatomically) in the ,['colon']
Murray Valley encephalitis,,,False,The disease Murray Valley encephalitis  is located (anatomically) in the ,['meninges']
persistent fetal vasculature,,,False,The disease persistent fetal vasculature  is located (anatomically) in the ,['vitreous humour']
Jamestown Canyon encephalitis,,,False,The disease Jamestown Canyon encephalitis  is located (anatomically) in the ,['brain']
poliomyelitis,,,False,The disease poliomyelitis  is located (anatomically) in the ,['peripheral nervous system']
opisthorchiasis,,,False,The disease opisthorchiasis  is located (anatomically) in the ,['pancreas']
AIDS,,,False,The disease AIDS  is located (anatomically) in the ,['T-lymphocytes']
primary cutaneous amyloidosis,,,False,The disease primary cutaneous amyloidosis  is located (anatomically) in the ,['zone of skin']
Dipylidium caninum infectious disease,,,False,The disease Dipylidium caninum infectious disease  is located (anatomically) in the ,['small intestine']
stroke,,,False,The disease stroke  is located (anatomically) in the ,['human brain']
California encephalitis,,,False,The disease California encephalitis  is located (anatomically) in the ,['meninges']
congenital erythropoietic porphyria,,,False,The disease congenital erythropoietic porphyria  is located (anatomically) in the ,['zone of skin']
metagonimiasis,,,False,The disease metagonimiasis  is located (anatomically) in the ,['heart']
du Pan syndrome,,,False,The disease du Pan syndrome  is located (anatomically) in the ,['bone']
pleural tuberculosis,,,False,The disease pleural tuberculosis  is located (anatomically) in the ,['pleura']
Brazilian purpuric fever,,,False,The disease Brazilian purpuric fever  is located (anatomically) in the ,['pharynx']
epidemic typhus,,,False,The disease epidemic typhus  is located (anatomically) in the ,['central nervous system']
microcephaly,,,False,The disease microcephaly  is located (anatomically) in the ,['brain']
aortic valve stenosis,,,False,The disease aortic valve stenosis  is located (anatomically) in the ,['aortic valve']
spinal leak of cerebrospinal fluid,,,False,The disease spinal leak of cerebrospinal fluid  is located (anatomically) in the ,['thoracic spine']
ventricular septal defect,,,False,The disease ventricular septal defect  is located (anatomically) in the ,['interventricular septum']
parathyroid carcinoma,,,False,The disease parathyroid carcinoma  is located (anatomically) in the ,['parathyroid']
fasciolopsiasis,,,False,The disease fasciolopsiasis  is located (anatomically) in the ,['liver']
pulmonary tuberculosis,,,False,The disease pulmonary tuberculosis  is located (anatomically) in the ,['lung']
influenza,,,False,The disease influenza  is located (anatomically) in the ,['respiratory system']
pitted keratolysis,,,False,The disease pitted keratolysis  is located (anatomically) in the ,['foot']
Mycoplasma pneumoniae infection,,,False,The disease Mycoplasma pneumoniae infection  is located (anatomically) in the ,['respiratory system']
lymphogranuloma venereum,,,False,The disease lymphogranuloma venereum  is located (anatomically) in the ,['lymph']
Wartenberg's Syndrome,,,False,The disease Wartenberg's Syndrome  is located (anatomically) in the ,['radial nerve']
actinomycosis,,,False,The disease actinomycosis  is located (anatomically) in the ,['skin']
chancroid,,,False,The disease chancroid  is located (anatomically) in the ,['sex organ']
uterine fibroid,,,False,The disease uterine fibroid  is located (anatomically) in the ,['uterus']
heparin,,,False,The medication heparin has an active ingredient with the name of ,['heparin sodium']
exagamglogene autotemcel,,,False,The medication exagamglogene autotemcel has an active ingredient with the name of ,['exagamglogene autotemcel']
nystatin,,,False,The medication nystatin has an active ingredient with the name of ,['nystatin']
bleomycin,,,False,The medication bleomycin has an active ingredient with the name of ,['bleomycin']
asenapine,,,False,The medication asenapine has an active ingredient with the name of ,['asenapine']
rac-miconazole,,,False,The medication rac-miconazole has an active ingredient with the name of ,['miconazole']
ivermectin,,,False,The medication ivermectin has an active ingredient with the name of ,['ivermectin']
tranylcypromine,,,False,The medication tranylcypromine has an active ingredient with the name of ,['ترانيلسيبرومين']
sebelipase alfa,,,False,The medication sebelipase alfa has an active ingredient with the name of ,['sebelipase alfa']
talimogene laherparepvec,,,False,The medication talimogene laherparepvec has an active ingredient with the name of ,['talimogene laherparepvec']
luseogliflozin,,,False,The medication luseogliflozin has an active ingredient with the name of ,['luseogliflozin']
selenium disulfide,,,False,The medication selenium disulfide has an active ingredient with the name of ,['selenium sulfide']
sotatercept,,,False,The medication sotatercept is used to treat ,['pulmonary hypertension']
insulin,,,False,The medication insulin is used to treat ,['type-1 diabetes']
sodium ferric gluconate complex,,,False,The medication sodium ferric gluconate complex is used to treat ,['anemia']
budesonide/formoterol,,,False,The medication budesonide/formoterol is used to treat ,['ulcerative colitis']
rac-miconazole,,,False,The medication rac-miconazole is used to treat ,['aspergillosis']
gentamicin,,,False,The medication gentamicin is used to treat ,['staphylococcal infection']
pamabrom,,,False,The medication pamabrom is used to treat ,['premenstrual syndrome']
lamivudine/zidovudine,,,False,The medication lamivudine/zidovudine is used to treat ,['AIDS']
ivermectin,,,False,The medication ivermectin is used to treat ,['scabies']
carbidopa / levodopa / entacapone,,,False,The medication carbidopa / levodopa / entacapone is used to treat ,"[""Parkinson's disease""]"
bleomycin,,,False,The medication bleomycin is used to treat ,['melanoma']
exagamglogene autotemcel,,,False,The medication exagamglogene autotemcel is used to treat ,['sickle-cell disease']
telmisartan/hydrochlorothiazide,,,False,The medication telmisartan/hydrochlorothiazide is used to treat ,['arterial hypertension']
selenium disulfide,,,False,The medication selenium disulfide is used to treat ,['seborrhoeic dermatitis']
modafinil,,,False,The medication modafinil is used to treat ,['multiple sclerosis']
patisiran,,,False,The medication patisiran is used to treat ,['amyloidosis']
heparin,,,False,The medication heparin is used to treat ,['pulmonary embolism']
tranylcypromine,,,False,The medication tranylcypromine is used to treat ,['post-traumatic stress disorder']
amlodipine/valsartan,,,False,The medication amlodipine/valsartan is used to treat ,['arterial hypertension']
pyridoxine/doxylamine,,,False,The medication pyridoxine/doxylamine is used to treat ,['morning sickness']
insulin glargine,,,False,The medication insulin glargine is used to treat ,['type-1 diabetes']
amlodipine/benazepril,,,False,The medication amlodipine/benazepril is used to treat ,['arterial hypertension']
luseogliflozin,,,False,The medication luseogliflozin is used to treat ,['type 2 diabetes']
talimogene laherparepvec,,,False,The medication talimogene laherparepvec is used to treat ,['melanoma']
canagliflozin hemihydrate,,,False,The medication canagliflozin hemihydrate is used to treat ,['type-1 diabetes']
nystatin,,,False,The medication nystatin is used to treat ,['candidiasis']
dorzolamide/timolol,,,False,The medication dorzolamide/timolol is used to treat ,['glaucoma']
asenapine,,,False,The medication asenapine is used to treat ,['psychosis']
Asparaginase,,,False,The medication Asparaginase is used to treat ,['lymphoma']
buprenorphine/naloxone,,,False,The medication buprenorphine/naloxone is used to treat ,['non-controlled substance abuse']
levodopa/carbidopa,,,False,The medication levodopa/carbidopa is used to treat ,"[""Parkinson's disease""]"
Sacubitril/valsartan,,,False,The medication Sacubitril/valsartan is used to treat ,['arterial hypertension']
gentamicin,,,False,"The medication gentamicin , it's chemical formula is ",['C₂₁H₄₃N₅O₇']
dorzolamide/timolol,,,False,"The medication dorzolamide/timolol , it's chemical formula is ",['C₂₃H₄₀N₆O₇S₄']
amlodipine/benazepril,,,False,"The medication amlodipine/benazepril , it's chemical formula is ",['C₄₄H₅₃ClN₄O₁₀']
carbidopa / levodopa / entacapone,,,False,"The medication carbidopa / levodopa / entacapone , it's chemical formula is ",['C₂₅H₄₁NO₄']
pyridoxine/doxylamine,,,False,"The medication pyridoxine/doxylamine , it's chemical formula is ",['C₂₉H₄₀ClN₃O₈']
sotatercept,,,False,"The medication sotatercept , it's chemical formula is ",['C₃₄₄₈H₅₂₆₄N₉₂₀O₁₀₅₈S₄₂']
Sacubitril/valsartan,,,False,"The medication Sacubitril/valsartan , it's chemical formula is ",['C₄₈H₅₇N₆Na₃O₉']
sodium ferric gluconate complex,,,False,"The medication sodium ferric gluconate complex , it's chemical formula is ",['C₆₆H₁₂₁Fe₂NaO₆₅']
Asparaginase,,,False,"The medication Asparaginase , it's chemical formula is ",['C₁₃₇₇H₂₂₀₈N₃₈₂O₄₄₂S₁₇']
insulin,,,False,"The medication insulin , it's chemical formula is ",['C₂₅₇H₃₈₃N₆₅O₇₇S₆']
modafinil,,,False,"The medication modafinil , it's chemical formula is ",['C₁₅H₁₅NO₂S']
insulin glargine,,,False,"The medication insulin glargine , it's chemical formula is ",['C₂₆₇H₄₀₄N₇₂O₇₈S₆']
telmisartan/hydrochlorothiazide,,,False,"The medication telmisartan/hydrochlorothiazide , it's chemical formula is ",['C₄₀H₃₈ClN₇O₆S₂']
pamabrom,,,False,"The medication pamabrom , it's chemical formula is ",['C₁₁H₁₈BrN₅O₃']
buprenorphine/naloxone,,,False,"The medication buprenorphine/naloxone , it's chemical formula is ",['C₄₈H₆₂N₂O₈']
lamivudine/zidovudine,,,False,"The medication lamivudine/zidovudine , it's chemical formula is ",['C₁₈H₂₄N₈O₇S']
amlodipine/valsartan,,,False,"The medication amlodipine/valsartan , it's chemical formula is ",['C₄₄H₅₄ClN₇O₈']
sebelipase alfa,,,False,"The medication sebelipase alfa , it's chemical formula is ",['C₁₉₆₈H₂₉₄₅N₅₀₇O₅₅₁S₁₅']
levodopa/carbidopa,,,False,"The medication levodopa/carbidopa , it's chemical formula is ",['C₁₉H₂₅N₃O₈']
patisiran,,,False,"The medication patisiran , it's chemical formula is ",['C₄₁₂H₅₂₀N₁₄₈O₂₉₀P₄₀']
budesonide/formoterol,,,False,"The medication budesonide/formoterol , it's chemical formula is ",['C₄₄H₅₈N₂O₁₀']
canagliflozin hemihydrate,,,False,"The medication canagliflozin hemihydrate , it's chemical formula is ",['C₄₈H₅₂F₂O₁₁S₂']
catecholaminergic polymorphic ventricular tachycardia,,,False,"The disease catecholaminergic polymorphic ventricular tachycardia , its main symptom is ",['ventricular tachycardia']
diabetes insipidus,,,False,"The disease diabetes insipidus , its main symptom is ",['polydipsia']
bulimia nervosa,,,False,"The disease bulimia nervosa , its main symptom is ",['vomiting']
myostatin-related muscle hypertrophy,,,False,"The disease myostatin-related muscle hypertrophy , its main symptom is ",['muscle hypertrophy']
hereditary multiple exostoses,,,False,"The disease hereditary multiple exostoses , its main symptom is ",['exostosis']
viral pneumonia,,,False,"The disease viral pneumonia , its main symptom is ",['pneumonia']
chronic congestive splenomegaly,,,False,"The disease chronic congestive splenomegaly , its main symptom is ",['splenomegaly']
infantile cerebellar-retinal degeneration,,,False,"The disease infantile cerebellar-retinal degeneration , its main symptom is ",['retinal degeneration']
Duchenne muscular dystrophy,,,False,"The disease Duchenne muscular dystrophy , its main symptom is ",['muscle weakness']
Behçet's disease,,,False,"The disease Behçet's disease , its main symptom is ",['cough']
3MC syndrome,,,False,"The disease 3MC syndrome , its main symptom is ",['ptosis']
tularemia,,,False,"The disease tularemia , its main symptom is ",['headache']
Fabry disease,,,False,"The disease Fabry disease , its main symptom is ",['fatigue']
platelet-type bleeding disorder 11,,,False,"The disease platelet-type bleeding disorder 11 , its main symptom is ",['bleeding']
CADASIL,,,False,"The disease CADASIL , its main symptom is ",['headache']
lymphogranuloma venereum,,,False,"The disease lymphogranuloma venereum , its main symptom is ",['abscess']
Dipylidium caninum infectious disease,,,False,"The disease Dipylidium caninum infectious disease , its main symptom is ",['diarrhea']
Wiedemann-Steiner syndrome,,,False,"The disease Wiedemann-Steiner syndrome , its main symptom is ",['hypertrichosis']
acrodermatitis enteropathica,,,False,"The disease acrodermatitis enteropathica , its main symptom is ",['blister']
N-Acetylglutamate synthase deficiency,,,False,"The disease N-Acetylglutamate synthase deficiency , its main symptom is ",['hyperammonemia']
spinal leak of cerebrospinal fluid,,,False,"The disease spinal leak of cerebrospinal fluid , its main symptom is ",['neck stiffness']
poikiloderma with neutropenia,,,False,"The disease poikiloderma with neutropenia , its main symptom is ",['neutropenia']
myotonia congenita,,,False,"The disease myotonia congenita , its main symptom is ",['myotonia']
cardiofaciocutaneous syndrome,,,False,"The disease cardiofaciocutaneous syndrome , its main symptom is ",['heart failure']
schizophrenia,,,False,"The disease schizophrenia , its main symptom is ",['disease']
long QT syndrome,,,False,"The disease long QT syndrome , its main symptom is ",['heart arrhythmia']
Venezuelan equine encephalitis,,,False,"The disease Venezuelan equine encephalitis , its main symptom is ",['headache']
Sjögren's syndrome,,,False,"The disease Sjögren's syndrome , its main symptom is ",['xerophthalmia']
tuberculosis,,,False,"The disease tuberculosis , its main symptom is ",['cough']
platelet-type bleeding disorder 8,,,False,"The disease platelet-type bleeding disorder 8 , its main symptom is ",['bleeding']
systemic scleroderma,,,False,"The disease systemic scleroderma , its main symptom is ",['vascular alteration']
clonorchiasis,,,False,"The disease clonorchiasis , its main symptom is ",['cancer']
hemorrhagic fever with renal syndrome,,,False,"The disease hemorrhagic fever with renal syndrome , its main symptom is ",['headache']
Murray Valley encephalitis,,,False,"The disease Murray Valley encephalitis , its main symptom is ",['headache']
Southeast Asian ovalocytosis,,,False,"The disease Southeast Asian ovalocytosis , its main symptom is ",['Elliptocyte']
catecholaminergic polymorphic ventricular tachycardia 4,,,False,"The disease catecholaminergic polymorphic ventricular tachycardia 4 , its main symptom is ",['ventricular tachycardia']
advanced sleep phase syndrome,,,False,"The disease advanced sleep phase syndrome , its main symptom is ",['somnolence']
Becker muscular dystrophy,,,False,"The disease Becker muscular dystrophy , its main symptom is ",['muscle weakness']
cutaneous leishmaniasis,,,False,"The disease cutaneous leishmaniasis , its main symptom is ",['scar']
Temtamy preaxial brachydactyly syndrome,,,False,"The disease Temtamy preaxial brachydactyly syndrome , its main symptom is ",['brachydactyly']
hypophosphatemic nephrolithiasis/osteoporosis 1,,,False,"The disease hypophosphatemic nephrolithiasis/osteoporosis 1 , its main symptom is ",['hyperphosphatemia']
hypophosphatemic nephrolithiasis/osteoporosis 2,,,False,"The disease hypophosphatemic nephrolithiasis/osteoporosis 2 , its main symptom is ",['hyperphosphatemia']
sea-blue histiocyte syndrome,,,False,"The disease sea-blue histiocyte syndrome , its main symptom is ",['sea-blue histiocytosis']
hemophilia C,,,False,"The disease hemophilia C , its main symptom is ",['bleeding']
Charcot–Marie–Tooth disease,,,False,"The disease Charcot–Marie–Tooth disease , its main symptom is ",['scoliosis']
colon cancer,,,False,"The disease colon cancer , its main symptom is ",['nausea']
visceral leishmaniasis,,,False,"The disease visceral leishmaniasis , its main symptom is ",['anemia']
Netherton syndrome,,,False,"The disease Netherton syndrome , its main symptom is ",['inflammation']
Marfan syndrome,,,False,"The disease Marfan syndrome , its main symptom is ",['pectus carinatum']
reticular dysgenesis,,,False,"The disease reticular dysgenesis , its main symptom is ",['lymphopenia']
immune dysregulation-polyendocrinopathy-enteropathy-X-linked syndrome,,,False,"The disease immune dysregulation-polyendocrinopathy-enteropathy-X-linked syndrome , its main symptom is ",['diarrhea']
hepatitis B,,,False,"The disease hepatitis B , its main symptom is ",['vomiting']
Coenurosis,,,False,"The disease Coenurosis , its main symptom is ",['headache']
atrial fibrillation,,,False,"The disease atrial fibrillation , its main symptom is ",['palpitation']
arthritis,,,False,"The disease arthritis , its main symptom is ",['joint inflammation']
Wilson disease,,,False,"The disease Wilson disease , its main symptom is ",['jaundice']
autosomal dominant osteopetrosis 2,,,False,"The disease autosomal dominant osteopetrosis 2 , its main symptom is ",['abscess']
Carey Fineman Ziter syndrome,,,False,"The disease Carey Fineman Ziter syndrome , its main symptom is ",['ptosis']
hidradenitis suppurativa,,,False,"The disease hidradenitis suppurativa , its main symptom is ",['inflammation']
type-1 diabetes,,,False,"The disease type-1 diabetes , its main symptom is ",['polydipsia']
Lesch-Nyhan syndrome,,,False,"The disease Lesch-Nyhan syndrome , its main symptom is ",['self-injury']
Paris syndrome,,,False,"The disease Paris syndrome , its main symptom is ",['mental depression']
Alagille syndrome,,,False,"The disease Alagille syndrome , its main symptom is ",['cholestasis facies']
Kaposi's sarcoma,,,False,"The disease Kaposi's sarcoma , its main symptom is ",['fever']
osteoarthritis,,,False,"The disease osteoarthritis , its main symptom is ",['arthritis']
TAR syndrome,,,False,"The disease TAR syndrome , its main symptom is ",['thrombocytopenia']
esophageal tuberculosis,,,False,"The disease esophageal tuberculosis , its main symptom is ",['dysphagia']
platelet-type bleeding disorder 10,,,False,"The disease platelet-type bleeding disorder 10 , its main symptom is ",['bleeding']
spastic quadriplegia,,,False,"The disease spastic quadriplegia , its main symptom is ",['quadrispasticity']
California encephalitis,,,False,"The disease California encephalitis , its main symptom is ",['headache']
heterophyiasis,,,False,"The disease heterophyiasis , its main symptom is ",['diarrhea']
Neu-Laxova syndrome 2,,,False,"The disease Neu-Laxova syndrome 2 , its main symptom is ",['ptosis']
Saldino-Noonan syndrome,,,False,"The disease Saldino-Noonan syndrome , its main symptom is ",['heart failure']
infantile parkinsonism-dystonia,,,False,"The disease infantile parkinsonism-dystonia , its main symptom is ",['tremor']
autism,,,False,"The disease autism , its main symptom is ",['echolalia']
autoimmune lymphoproliferative syndrome,,,False,"The disease autoimmune lymphoproliferative syndrome , its main symptom is ",['lymphadenopathy']
echinococcosis,,,False,"The disease echinococcosis , its main symptom is ",['cough']
fasciolopsiasis,,,False,"The disease fasciolopsiasis , its main symptom is ",['diarrhea']
hereditary stomatocytosis,,,False,"The disease hereditary stomatocytosis , its main symptom is ",['stomatocyte']
microcytic anemia,,,False,"The disease microcytic anemia , its main symptom is ",['microcytosis']
encephalocraniocutaneous lipomatosis,,,False,"The disease encephalocraniocutaneous lipomatosis , its main symptom is ",['Nevus psiloliparus']
Neu-Laxova syndrome 1,,,False,"The disease Neu-Laxova syndrome 1 , its main symptom is ",['ptosis']
multiple intestinal atresia,,,False,"The disease multiple intestinal atresia , its main symptom is ",['intestinal atresia']
"spondyloepimetaphyseal dysplasia, Strudwick type",,,False,"The disease spondyloepimetaphyseal dysplasia, Strudwick type , its main symptom is ",['short stature']
Barth syndrome,,,False,"The disease Barth syndrome , its main symptom is ",['fatigue']
hypokalemic periodic paralysis,,,False,"The disease hypokalemic periodic paralysis , its main symptom is ",['muscle weakness']
urofacial syndrome,,,False,"The disease urofacial syndrome , its main symptom is ",['neurogenic bladder']
sarcoidosis,,,False,"The disease sarcoidosis , its main symptom is ",['cough']
Young-Simpson syndrome,,,False,"The disease Young-Simpson syndrome , its main symptom is ",['ptosis']
Pogosta disease,,,False,"The disease Pogosta disease , its main symptom is ",['headache']
Bart-Pumphrey syndrome,,,False,"The disease Bart-Pumphrey syndrome , its main symptom is ",['Knuckle pads']
Western equine encephalitis,,,False,"The disease Western equine encephalitis , its main symptom is ",['headache']
GRACILE syndrome,,,False,"The disease GRACILE syndrome , its main symptom is ",['deafness']
Gerstmann-Straussler-Scheinker syndrome,,,False,"The disease Gerstmann-Straussler-Scheinker syndrome , its main symptom is ",['dementia']
exudative vitreoretinopathy,,,False,"The disease exudative vitreoretinopathy , its main symptom is ",['hemorrhage']
nephrogenic diabetes insipidus,,,False,"The disease nephrogenic diabetes insipidus , its main symptom is ",['polydipsia']
central diabetes insipidus,,,False,"The disease central diabetes insipidus , its main symptom is ",['polydipsia']
knee bursitis,,,False,"The disease knee bursitis , its main symptom is ",['inflammation']
Semliki Forest fever,,,False,"The disease Semliki Forest fever , its main symptom is ",['headache']
congenital disorder of glycosylation Ir,,,False,"The disease congenital disorder of glycosylation Ir , its main symptom is ",['hepatic insufficiency']
5-alpha-reductase deficiency,,,False,"The disease 5-alpha-reductase deficiency , its main symptom is ",['ambiguous genitalia']
aromatic L-amino acid decarboxylase deficiency,,,False,"The disease aromatic L-amino acid decarboxylase deficiency , its main symptom is ",['ptosis']
congenital disorder of glycosylation Iy,,,False,"The disease congenital disorder of glycosylation Iy , its main symptom is ",['vomiting']
"alacrima, achalasia, and mental retardation syndrome",,,False,"The disease alacrima, achalasia, and mental retardation syndrome , its main symptom is ",['intellectual disability']
Cantú syndrome,,,False,"The disease Cantú syndrome , its main symptom is ",['hypertrichosis']
attention deficit hyperactivity disorder,,,False,"The disease attention deficit hyperactivity disorder , its main symptom is ",['impulsivity']
Lasthenie de Ferjol syndrome,,,False,"The disease Lasthenie de Ferjol syndrome , its main symptom is ",['anemia']
coarctation of the aorta,,,False,"The disease coarctation of the aorta , its main symptom is ",['headache']
Cataract-microcornea syndrome,,,False,"The disease Cataract-microcornea syndrome , its main symptom is ",['cataract']
Native American myopathy,,,False,"The disease Native American myopathy , its main symptom is ",['ptosis']
invasive aspergillosis,,,False,"The disease invasive aspergillosis , its main symptom is ",['pneumonia']
dicrocoeliasis,,,False,"The disease dicrocoeliasis , its main symptom is ",['fever']
polycystic liver disease,,,False,"The disease polycystic liver disease , its main symptom is ",['hepatic cyst']
Cole-Carpenter syndrome,,,False,"The disease Cole-Carpenter syndrome , its main symptom is ",['ptosis']
STING-associated vasculopathy with onset in infancy,,,False,"The disease STING-associated vasculopathy with onset in infancy , its main symptom is ",['necrosis']
"myopathy, lactic acidosis, and sideroblastic anemia",,,False,"The disease myopathy, lactic acidosis, and sideroblastic anemia , its main symptom is ",['sideroblastic anaemia P']
Kyasanur forest disease,,,False,"The disease Kyasanur forest disease , its main symptom is ",['headache']
Cornelia de Lange syndrome,,,False,"The disease Cornelia de Lange syndrome , its main symptom is ",['intellectual disability']
ablepharon macrostomia syndrome,,,False,"The disease ablepharon macrostomia syndrome , its main symptom is ",['ablepharon']
Tourette syndrome,,,False,"The disease Tourette syndrome , its main symptom is ",['tic']
maple syrup urine disease,,,False,"The disease maple syrup urine disease , its main symptom is ",['vomiting']
frontotemporal dementia,,,False,"The disease frontotemporal dementia , its main symptom is ",['primary progressive aphasia']
pericardial tuberculosis,,,False,"The disease pericardial tuberculosis , its main symptom is ",['pericardial effusion']
Quebec platelet disorder,,,False,"The disease Quebec platelet disorder , its main symptom is ",['bleeding']
oculopharyngeal muscular dystrophy,,,False,"The disease oculopharyngeal muscular dystrophy , its main symptom is ",['dysarthria']
Parkinson's disease,,,False,"The disease Parkinson's disease , its main symptom is ",['spasticity']
poliomyelitis,,,False,"The disease poliomyelitis , its main symptom is ",['fever']
hereditary spastic paraplegia,,,False,"The disease hereditary spastic paraplegia , its main symptom is ",['spasticity']
paragonimiasis,,,False,"The disease paragonimiasis , its main symptom is ",['pneumonia']
leptospirosis,,,False,"The disease leptospirosis , its main symptom is ",['headache']
osteochondritis tulaseca,,,False,"The disease osteochondritis tulaseca , its main symptom is ",['necrosis']
"blepharophimosis-intellectual disability syndrome, Ohdo type",,,False,"The disease blepharophimosis-intellectual disability syndrome, Ohdo type , its main symptom is ",['ptosis']
Brazilian purpuric fever,,,False,"The disease Brazilian purpuric fever , its main symptom is ",['fever']
Rocio virus encephalitis,,,False,"The disease Rocio virus encephalitis , its main symptom is ",['headache']
primary hypertrophic osteoarthropathy,,,False,"The disease primary hypertrophic osteoarthropathy , its main symptom is ",['nail clubbing']
purulent meningitis,,,False,"The disease purulent meningitis , its main symptom is ",['headache']
Barmah Forest virus disease,,,False,"The disease Barmah Forest virus disease , its main symptom is ",['headache']
Caffey disease,,,False,"The disease Caffey disease , its main symptom is ",['irritability']
cat-scratch disease,,,False,"The disease cat-scratch disease , its main symptom is ",['chills']
short QT syndrome,,,False,"The disease short QT syndrome , its main symptom is ",['fatigue']
catecholaminergic polymorphic ventricular tachycardia 2,,,False,"The disease catecholaminergic polymorphic ventricular tachycardia 2 , its main symptom is ",['ventricular tachycardia']
Van der Woude syndrome,,,False,"The disease Van der Woude syndrome , its main symptom is ",['cleft palate']
nephrotic syndrome,,,False,"The disease nephrotic syndrome , its main symptom is ",['proteinuria']
vulvovaginal candidiasis,,,False,"The disease vulvovaginal candidiasis , its main symptom is ",['swelling']
pleural tuberculosis,,,False,"The disease pleural tuberculosis , its main symptom is ",['pleural effusion']
gray platelet syndrome,,,False,"The disease gray platelet syndrome , its main symptom is ",['bleeding']
Nanophyetiasis,,,False,"The disease Nanophyetiasis , its main symptom is ",['diarrhea']
Creutzfeldt-Jakob disease,,,False,"The disease Creutzfeldt-Jakob disease , its main symptom is ",['dementia']
Ichthyosis follicularis with alopecia and photophobia syndrome,,,False,"The disease Ichthyosis follicularis with alopecia and photophobia syndrome , its main symptom is ",['photophobia']
MPI-CDG,,,False,"The disease MPI-CDG , its main symptom is ",['vomiting']
congenital disorder of glycosylation type IIc,,,False,"The disease congenital disorder of glycosylation type IIc , its main symptom is ",['infection']
Crohn's disease,,,False,"The disease Crohn's disease , its main symptom is ",['fatigue']
rapadilino syndrome,,,False,"The disease rapadilino syndrome , its main symptom is ",['diarrhea']
myotonic dystrophy,,,False,"The disease myotonic dystrophy , its main symptom is ",['cataract']
Andersen-Tawil syndrome,,,False,"The disease Andersen-Tawil syndrome , its main symptom is ",['heart arrhythmia']
phaeochromocytoma,,,False,"The disease phaeochromocytoma , its main symptom is ",['arterial hypertension']
Leigh disease,,,False,"The disease Leigh disease , its main symptom is ",['vomiting']
tricho-hepato-enteric syndrome,,,False,"The disease tricho-hepato-enteric syndrome , its main symptom is ",['diarrhea']
glucocorticoid deficiency 2,,,False,"The disease glucocorticoid deficiency 2 , its main symptom is ",['hypotension']
Knobloch syndrome,,,False,"The disease Knobloch syndrome , its main symptom is ",['nystagmus']
neuroacanthocytosis,,,False,"The disease neuroacanthocytosis , its main symptom is ",['acanthocyte']
hypoplastic tibiae-postaxial polydactyly syndrome,,,False,"The disease hypoplastic tibiae-postaxial polydactyly syndrome , its main symptom is ",['mesomelia']
combined malonic and methylmalonic acidemia,,,False,"The disease combined malonic and methylmalonic acidemia , its main symptom is ",['coma']
malignant hyperthermia,,,False,"The disease malignant hyperthermia , its main symptom is ",['acidosis']
pitted keratolysis,,,False,"The disease pitted keratolysis , its main symptom is ",['fetor']
Lemierre's syndrome,,,False,"The disease Lemierre's syndrome , its main symptom is ",['fever']
herpes zoster,,,False,"The disease herpes zoster , its main symptom is ",['headache']
hyperkalemic periodic paralysis,,,False,"The disease hyperkalemic periodic paralysis , its main symptom is ",['heart arrhythmia']
May–Thurner syndrome,,,False,"The disease May–Thurner syndrome , its main symptom is ",['swelling']
Mobius syndrome,,,False,"The disease Mobius syndrome , its main symptom is ",['facial paralysis']
chancroid,,,False,"The disease chancroid , its main symptom is ",['erosion']
familial Mediterranean fever,,,False,"The disease familial Mediterranean fever , its main symptom is ",['fever']
X-linked intellectual disability-cardiomegaly-congestive heart failure syndrome,,,False,"The disease X-linked intellectual disability-cardiomegaly-congestive heart failure syndrome , its main symptom is ",['heart failure']
epidemic typhus,,,False,"The disease epidemic typhus , its main symptom is ",['headache']
popliteal pterygium syndrome,,,False,"The disease popliteal pterygium syndrome , its main symptom is ",['pterygium']
congenital disorder of glycosylation Ip,,,False,"The disease congenital disorder of glycosylation Ip , its main symptom is ",['vomiting']
Oguchi disease-1,,,False,"The disease Oguchi disease-1 , its main symptom is ",['Mizuo–Nakamura phenomenon']
Renpenning syndrome,,,False,"The disease Renpenning syndrome , its main symptom is ",['short stature']
Omenn syndrome,,,False,"The disease Omenn syndrome , its main symptom is ",['diarrhea']
galactosemia,,,False,"The disease galactosemia , its main symptom is ",['lactose intolerance']
osteitis fibrosa cystica,,,False,"The disease osteitis fibrosa cystica , its main symptom is ",['hyperactivity']
hepatic tuberculosis,,,False,"The disease hepatic tuberculosis , its main symptom is ",['jaundice']
congenital diarrhea 7 with exudative enteropathy,,,False,"The disease congenital diarrhea 7 with exudative enteropathy , its main symptom is ",['diarrhea']
congenital secretory sodium diarrhea 3,,,False,"The disease congenital secretory sodium diarrhea 3 , its main symptom is ",['diarrhea']
catecholaminergic polymorphic ventricular tachycardia 5,,,False,"The disease catecholaminergic polymorphic ventricular tachycardia 5 , its main symptom is ",['ventricular tachycardia']
17-beta-hydroxysteroid dehydrogenase deficiency,,,False,"The disease 17-beta-hydroxysteroid dehydrogenase deficiency , its main symptom is ",['ambiguous genitalia']
dermatomyositis,,,False,"The disease dermatomyositis , its main symptom is ",['muscle weakness']
carpal tunnel syndrome,,,False,"The disease carpal tunnel syndrome , its main symptom is ",['wrist pain']
metagonimiasis,,,False,"The disease metagonimiasis , its main symptom is ",['headache']
splenic tuberculosis,,,False,"The disease splenic tuberculosis , its main symptom is ",['abscess']
MORM syndrome,,,False,"The disease MORM syndrome , its main symptom is ",['obesity']
trichotillomania,,,False,"The disease trichotillomania , its main symptom is ",['alopecia']
Goodpasture syndrome,,,False,"The disease Goodpasture syndrome , its main symptom is ",['bleeding']
acute hemorrhagic conjunctivitis,,,False,"The disease acute hemorrhagic conjunctivitis , its main symptom is ",['photophobia']
inclusion body myositis,,,False,"The disease inclusion body myositis , its main symptom is ",['muscle weakness']
multiple pterygium syndrome,,,False,"The disease multiple pterygium syndrome , its main symptom is ",['pterygium']
Ross River fever,,,False,"The disease Ross River fever , its main symptom is ",['fever']
ethylmalonic encephalopathy,,,False,"The disease ethylmalonic encephalopathy , its main symptom is ",['diarrhea']
pneumothorax,,,False,"The disease pneumothorax , its main symptom is ",['dyspnea']
ulnar-mammary syndrome,,,False,"The disease ulnar-mammary syndrome , its main symptom is ",['obesity']
MonoMAC,,,False,"The disease MonoMAC , its main symptom is ",['monocytopenia']
ovarian hyperstimulation syndrome,,,False,"The disease ovarian hyperstimulation syndrome , its main symptom is ",['vomiting']
postural orthostatic tachycardia syndrome,,,False,"The disease postural orthostatic tachycardia syndrome , its main symptom is ",['arterial hypertension']
louse-borne relapsing fever,,,False,"The disease louse-borne relapsing fever , its main symptom is ",['fever']
familial hemiplegic migraine,,,False,"The disease familial hemiplegic migraine , its main symptom is ",['muscle weakness']
NGLY1-deficiency,,,False,"The disease NGLY1-deficiency , its main symptom is ",['scoliosis']
syngamosis,,,False,"The disease syngamosis , its main symptom is ",['asthma']
ataxia telangiectasia,,,False,"The disease ataxia telangiectasia , its main symptom is ",['thymic hypoplasia']
St. Louis encephalitis,,,False,"The disease St. Louis encephalitis , its main symptom is ",['headache']
scrofula,,,False,"The disease scrofula , its main symptom is ",['lymphadenopathy']
alpha-2-plasmin inhibitor deficiency,,,False,"The disease alpha-2-plasmin inhibitor deficiency , its main symptom is ",['bleeding']
Wolcott-Rallison syndrome,,,False,"The disease Wolcott-Rallison syndrome , its main symptom is ",['hepatic insufficiency']
opisthorchiasis,,,False,"The disease opisthorchiasis , its main symptom is ",['fever']
Emery-Dreifuss muscular dystrophy,,,False,"The disease Emery-Dreifuss muscular dystrophy , its main symptom is ",['heart arrhythmia']
influenza,,,False,"The disease influenza , its main symptom is ",['headache']
hypertrophic cardiomyopathy,,,False,"The disease hypertrophic cardiomyopathy , its main symptom is ",['pain']
Saethre-Chotzen syndrome,,,False,"The disease Saethre-Chotzen syndrome , its main symptom is ",['craniosynostosis']
congenital disorder of glycosylation Ih,,,False,"The disease congenital disorder of glycosylation Ih , its main symptom is ",['diarrhea']
fasciolosis,,,False,"The disease fasciolosis , its main symptom is ",['anemia']
Mycoplasma pneumoniae infection,,,False,"The disease Mycoplasma pneumoniae infection , its main symptom is ",['headache']
Smith–Fineman–Myers syndrome,,,False,"The disease Smith–Fineman–Myers syndrome , its main symptom is ",['facial hypotonia']
chondrocalcinosis,,,False,"The disease chondrocalcinosis , its main symptom is ",['arthritis']
Cerebral autosomal recessive arteriopathy with subcortical infarcts and leukoencephalopathy,,,False,"The disease Cerebral autosomal recessive arteriopathy with subcortical infarcts and leukoencephalopathy , its main symptom is ",['dementia']
platelet-type bleeding disorder 15,,,False,"The disease platelet-type bleeding disorder 15 , its main symptom is ",['bleeding']
"autosomal dominant cerebellar ataxia, deafness and narcolepsy",,,False,"The disease autosomal dominant cerebellar ataxia, deafness and narcolepsy , its main symptom is ",['deafness']
Mungan syndrome,,,False,"The disease Mungan syndrome , its main symptom is ",['chronic intestinal pseudoobstruction']
type 2 diabetes,,,False,"The disease type 2 diabetes , its main symptom is ",['polydipsia']
"Ehlers-Danlos syndrome, vascular-like type",,,False,"The disease Ehlers-Danlos syndrome, vascular-like type , its main symptom is ",['varicose veins']
opsoclonus myoclonus syndrome,,,False,"The disease opsoclonus myoclonus syndrome , its main symptom is ",['myoclonus']
Antley-Bixler syndrome,,,False,"The disease Antley-Bixler syndrome , its main symptom is ",['craniosynostosis']
Timothy syndrome,,,False,"The disease Timothy syndrome , its main symptom is ",['syncope']
leprosy,,,False,"The disease leprosy , its main symptom is ",['nosebleed']
superior canal dehiscence,,,False,"The disease superior canal dehiscence , its main symptom is ",['headache']
Lafora disease,,,False,"The disease Lafora disease , its main symptom is ",['hallucination']
scrub typhus,,,False,"The disease scrub typhus , its main symptom is ",['headache']
pulmonary tuberculosis,,,False,"The disease pulmonary tuberculosis , its main symptom is ",['pleural effusion']
eosinophilic esophagitis,,,False,"The disease eosinophilic esophagitis , its main symptom is ",['inflammation']
Jamestown Canyon encephalitis,,,False,"The disease Jamestown Canyon encephalitis , its main symptom is ",['headache']
Opitz-GBBB syndrome,,,False,"The disease Opitz-GBBB syndrome , its main symptom is ",['imperforate anus']
phlebotomus fever,,,False,"The disease phlebotomus fever , its main symptom is ",['headache']
HAM,,,False,"The disease HAM , its main symptom is ",['muscle weakness']
multiple epiphyseal dysplasia,,,False,"The disease multiple epiphyseal dysplasia , its main symptom is ",['arthralgia']
hantavirus pulmonary syndrome,,,False,"The disease hantavirus pulmonary syndrome , its main symptom is ",['headache']
gas gangrene,,,False,"The disease gas gangrene , its main symptom is ",['gangrene']
metachromatic leukodystrophy,,,False,"The disease metachromatic leukodystrophy , its main symptom is ",['dementia']
cardiac arrest,,,False,"The disease cardiac arrest , its main symptom is ",['heart failure']
mitochondrial DNA depletion syndrome 1,,,False,"The disease mitochondrial DNA depletion syndrome 1 , its main symptom is ",['ptosis']
platelet-type bleeding disorder 14,,,False,"The disease platelet-type bleeding disorder 14 , its main symptom is ",['bleeding']
trichorhinophalangeal syndrome type II,,,False,"The disease trichorhinophalangeal syndrome type II , its main symptom is ",['short stature']
gonorrhea,,,False,"The disease gonorrhea , its main symptom is ",['pain']
neurilemmomatosis,,,False,"The disease neurilemmomatosis , its main symptom is ",['neurilemmoma']
Hajdu-Cheney syndrome,,,False,"The disease Hajdu-Cheney syndrome , its main symptom is ",['acroosteolysis']
congenital secretory chloride diarrhea 1,,,False,"The disease congenital secretory chloride diarrhea 1 , its main symptom is ",['diarrhea']
familial atrial fibrillation,,,False,"The disease familial atrial fibrillation , its main symptom is ",['atrial fibrillation']
platelet-type bleeding disorder 18,,,False,"The disease platelet-type bleeding disorder 18 , its main symptom is ",['bleeding']
Baraitser-Winter syndrome,,,False,"The disease Baraitser-Winter syndrome , its main symptom is ",['ptosis']
Alström syndrome,,,False,"The disease Alström syndrome , its main symptom is ",['blindness']
congenital diarrhea 6,,,False,"The disease congenital diarrhea 6 , its main symptom is ",['diarrhea']
X-linked cleft palate with or without ankyloglossia,,,False,"The disease X-linked cleft palate with or without ankyloglossia , its main symptom is ",['ankyloglossia']
common variable immunodeficiency,,,False,"The disease common variable immunodeficiency , its main symptom is ",['fatigue']
Faroe SUCLA2 related disease,,,False,"The disease Faroe SUCLA2 related disease , its main symptom is ",['deafness']
cystic fibrosis,,,False,"The disease cystic fibrosis , its main symptom is ",['pneumonia']
spinocerebellar ataxia type 28,,,False,"The disease spinocerebellar ataxia type 28 , its main symptom is ",['ptosis']
branchioskeletogenital syndrome,,,False,"The disease branchioskeletogenital syndrome , its main symptom is ",['ptosis']
zoochosis,,,False,"The disease zoochosis , its main symptom is ",['addiction']
achromatopsia,,,False,"The disease achromatopsia , its main symptom is ",['amblyopia']
hereditary elliptocytosis,,,False,"The disease hereditary elliptocytosis , its main symptom is ",['Elliptocyte']
hypoprothrombinemia,,,False,"The disease hypoprothrombinemia , its main symptom is ",['bleeding']
actinomycosis,,,False,"The disease actinomycosis , its main symptom is ",['abscess']
amentia,,,False,"The disease amentia , its main symptom is ",['amnesia']
interstitial lung disease,,,False,"The disease interstitial lung disease , its main symptom is ",['inflammation']
trimethylaminuria,,,False,"The disease trimethylaminuria , its main symptom is ",['fetor']
appendicitis,,,False,"The disease appendicitis , its main symptom is ",['vomiting']
encephalopathy due to prosaposin deficiency,,,False,"The disease encephalopathy due to prosaposin deficiency , its main symptom is ",['hepatosplenomegaly']
